labeling_budget,precision,recall,f_score,ed_tpfp,ed_tpfn,tp
93,0.09518251129529541,0.039291582983385066,0.054482745629048715,2943.0,10954,148.0
186,0.38670701101626453,0.36519992696731784,0.35577581538295877,1747.0,10954,226.0
279,0.5439308679066263,0.4244476903414278,0.4610372975414207,4868.0,10954,3413.0
465,0.42502628157375033,0.30664597407339783,0.3194834093542264,1500.0,10954,326.0
930,0.22162178447726003,0.4696914369180208,0.2981749838184694,23426.0,10954,3576.0
1395,0.5192264319151594,0.9202848274602884,0.6608877511350655,19973.0,10954,10260.0
1860,0.47613553968285405,0.8742742377213804,0.6010273282940448,41853.0,10954,10392.0
