labeling_budget,precision,recall,f_score,ed_tpfp,ed_tpfn,tp
66,0.7149826905716274,0.7455771217310934,0.7245096156123296,14876.0,18393,12102.0
132,0.8391497750646181,0.7298102539009406,0.7763934241799861,17830.0,18393,14179.0
198,0.7648541571491598,0.7519056162670581,0.750760936154358,15938.0,18393,11877.0
330,0.8064779961235724,0.85343337139129,0.8273091280030854,17881.0,18393,15173.0
660,0.8203759495951196,0.8667862773881367,0.8420994749752385,18848.0,18393,15717.0
990,0.8516810220939586,0.8842929375305821,0.8662047127110789,17593.0,18393,16135.0
1320,0.8696656533125416,0.902799978252596,0.884853902479483,19773.0,18393,16733.0
