labeling_budget,precision,recall,f_score,ed_tpfn,ed_tpfp
93,0.09518251129529541,0.039291582983385066,0.054482745629048715,10954,2943.0
186,0.38670701101626453,0.36519992696731784,0.35577581538295877,10954,1747.0
279,0.5439308679066263,0.4244476903414278,0.4610372975414207,10954,4868.0
465,0.42502628157375033,0.30664597407339783,0.3194834093542264,10954,1500.0
930,0.22162178447726003,0.4696914369180208,0.2981749838184694,10954,23426.0
1395,0.5192264319151594,0.9202848274602884,0.6608877511350655,10954,19973.0
1860,0.47613553968285405,0.8742742377213804,0.6010273282940448,10954,41853.0
