labeling_budget,precision,recall,f_score,ed_tpfn,ed_tpfp
1343,0.1940285477727758,0.19082245150344998,0.1920802472248088,1082998,1191717.0
2686,0.3654849283750994,0.2927592356280128,0.32447937188040354,1082998,831781.0
4029,0.42842265472389013,0.31476266191935104,0.3626142660863951,1082998,858596.0
6715,0.5354906766513515,0.41592566806833126,0.46774091426596925,1082998,792011.0
13430,0.6156503790081366,0.5571709273701336,0.5846984032644974,1082998,947562.0
20145,0.64830501283189,0.5922787176584506,0.6187758812341387,1082998,958165.0
