labeling_budget,precision,recall,f_score
158,0.19508997633265607,0.013864476204018844,0.0253528573939101
336,0.18491238916253352,0.041147444408946285,0.06600368741646108
672,0.1932946875373869,0.12491251138044576,0.15126668697716528
1008,0.193646170227076,0.1606930022031435,0.17501290200531794
