labeling_budget,precision,recall,f_score
7,0.5954927506567732,0.12573042250461605,0.1910655010043823
16,0.6759890813280822,0.19298359943521234,0.29069973804573684
33,0.5107433218719518,0.12375366568914956,0.1920114079840795
50,0.5417668244680476,0.44802867383512546,0.48727814391181956
