labeling_budget,precision,recall,fscore
10,0.6526547543276497,0.13283371347887477,0.2069782423947651
16,0.7156079988674237,0.17443249701314217,0.2752689456849243
34,0.46670795729246706,0.3395921581405452,0.37656757554627635
50,0.5721749977372914,0.4809384164222874,0.5188588397051458
