labeling_budget,precision,recall,f_score,ed_tpfp,ed_tpfn,tp
66,0.5582498568642847,0.632811990876507,0.5851159719511595,14261.0,18414,10319.0
132,0.6866216259518103,0.6725643532095145,0.6606597348728351,27335.0,18414,13936.0
198,0.7573175838333753,0.7206256109481916,0.7339638117894055,22563.0,18414,12037.0
330,0.7570274045368808,0.8037905941131747,0.7788380762964154,18078.0,18414,14724.0
660,0.8510088951925388,0.8500380145541436,0.8502423712758158,18869.0,18414,16007.0
990,0.7880800603417574,0.8547626805691321,0.8181366874280437,18033.0,18414,15935.0
1320,0.8764402898351777,0.8773541870316063,0.8750395208935545,19852.0,18414,16628.0
