labeling_budget,precision,recall,f_score,ed_tpfn,ed_tpfp
768,0.2704063332352685,0.2764074865760807,0.27059529870561494,253093,338065.0
1536,0.4786645724912913,0.3926114116154931,0.42869662770995187,253093,152509.0
2304,0.49996220514734196,0.40375593161407075,0.4382920907281799,253093,225907.0
3840,0.5640454073498988,0.5125475615682773,0.5359933361222133,253093,197099.0
7680,0.6965164906354527,0.6283334584520315,0.6590903531200175,253093,216533.0
11520,0.7074756695100843,0.6601652357038718,0.6824599935912281,253093,222009.0
15360,0.6994185451263348,0.7055951764766311,0.7022384631861188,253093,267933.0
