labeling_budget,precision,recall,f_score
80,0.31423577487632126,0.033632696281603994,0.06018576179563825
192,0.2892725028776574,0.047451332119023436,0.08113458374127754
384,0.28417047255722827,0.12471305014362308,0.1724788998338715
576,0.2605760324809164,0.2344284512017322,0.23791637881807742
